Source,Target,Interaction Type,Interaction Score
CD55,C1qb,Synaptic Effect,-1
IL-10,IL-10Rα,Synaptic Effect,1
Meth,CD200R1,Synaptic Effect,1
NGF,APP,Synaptic Effect,1
P2Y12,DCX,Synaptic Effect,1
PLX3397,HTT,Synaptic Effect,1
PLX5622,C1q,Synaptic Effect,1
PLX5623,CD11b/CR3,Synaptic Effect,1
PS,C1q,Synaptic Effect,1
TM59,ARGI1,Synaptic Effect,1
TM59,C1qR1,Synaptic Effect,1
TM59,GRIA1,Synaptic Effect,1
TM59,GRIA2,Synaptic Effect,1
TM59,GRIA3,Synaptic Effect,1
TM59,IL-1β,Synaptic Effect,1
TM59,NR1D1,Synaptic Effect,1
TM59,STX18,Synaptic Effect,1
TM59,TNF-α,Synaptic Effect,1
TM59,VGLUT1,Synaptic Effect,1
eIF4E,CX3CR1,Synaptic Effect,1
eIF4E,Eif4g1,Synaptic Effect,1
eIF4E,Nlgn1,Synaptic Effect,1
eIF4E,Nlgn2,Synaptic Effect,1
eIF4E,Nlgn3,Synaptic Effect,1
eIF4E,Nlgn4,Synaptic Effect,1
eIF4E,P2Y12,Synaptic Effect,1
eIF4E,TM119,Synaptic Effect,1
APOE,P2Y12,Cellular Excitability,-1
Alpha1,Kir,Cellular Excitability,-1
B1AR,Kir,Cellular Excitability,-1
GDF-15,Nav1.8,Cellular Excitability,-1
IL-10,Nav1.8,Cellular Excitability,-1
IL-18,Nav1.7,Cellular Excitability,1
IL-18,Nav1.8,Cellular Excitability,2
IL-1β,Nav1.1,Cellular Excitability,-1
IL-4,KCa3.1,Cellular Excitability,-1
IL-4,Nav1.1,Cellular Excitability,-1
IL-6,Cav1.2,Cellular Excitability,-2
IL-6,Cav3.2,Cellular Excitability,1
IL-6,MNK 1,Cellular Excitability,1
IL-6,MNK2,Cellular Excitability,1
IL-6,Nav1.1,Cellular Excitability,-1
IL-6,Nav1.7,Cellular Excitability,1
IL-6,Nav1.8,Cellular Excitability,1
MNK 1,Cav3.2,Cellular Excitability,1
MNK2,Cav3.2,Cellular Excitability,1
NGF,APP,Cellular Excitability,1
NGF,TrkA,Cellular Excitability,1
P2Y12,DCX,Cellular Excitability,1
P38 MAPK,ASIC,Cellular Excitability,1
TGF-β1,Kv1.4,Cellular Excitability,1
TM59,ARGI1,Cellular Excitability,1
TM59,C1qR1,Cellular Excitability,1
TM59,GRIA1,Cellular Excitability,1
TM59,GRIA2,Cellular Excitability,1
TM59,GRIA3,Cellular Excitability,1
TM59,IL-1β,Cellular Excitability,1
TM59,NR1D1,Cellular Excitability,1
TM59,STX18,Cellular Excitability,1
TM59,TNF-α,Cellular Excitability,1
TM59,VGLUT1,Cellular Excitability,1
TNF-α,Cav2.2,Cellular Excitability,-1
TNF-α,Nav1.1,Cellular Excitability,1
TNF-α,Nav1.2,Cellular Excitability,1
TNF-α,Nav1.3,Cellular Excitability,2
TNF-α,Nav1.6,Cellular Excitability,2
TNF-α,Nav1.7,Cellular Excitability,3
TNF-α,Nav1.8,Cellular Excitability,5
TNF-α,Nav1.9,Cellular Excitability,1
TNF-α,P38 MAPK,Cellular Excitability,1
TNF-α,TNFR1,Cellular Excitability,1
eIF4E,CX3CR1,Cellular Excitability,1
eIF4E,Eif4g1,Cellular Excitability,1
eIF4E,Nlgn1,Cellular Excitability,1
eIF4E,Nlgn2,Cellular Excitability,1
eIF4E,Nlgn3,Cellular Excitability,1
eIF4E,Nlgn4,Cellular Excitability,1
eIF4E,P2Y12,Cellular Excitability,1
eIF4E,TM119,Cellular Excitability,1
5-HT,5-HT2B,Cell Survival,1
APOE,P2Y12,Cell Survival,-1
Ach,nACHR,Cell Survival,3
BK,B1R,Cell Survival,1
BK,B2R,Cell Survival,1
CD55,C1qb,Cell Survival,-1
CNR2,CD68,Cell Survival,1
"CX3CL1	",APP,Cell Survival,-1
DA,DRD1,Cell Survival,-1
DA,DRD2,Cell Survival,-1
DRD1,NO,Cell Survival,-1
DRD2,NO,Cell Survival,-1
GABA,GABAb,Cell Survival,2
GABAb,IL-12P40,Cell Survival,1
GABAb,IL-6,Cell Survival,1
HTT,ROS,Cell Survival,-1
Meth,CD200R1,Cell Survival,1
NGF,APP,Cell Survival,1
PACAP,VPAC1,Cell Survival,1
PACAP,VPAC2,Cell Survival,1
PLX3397,HTT,Cell Survival,1
PLX5622,A1AR,Cell Survival,1
PLX5622,C1q,Cell Survival,1
PLX5623,CD11b/CR3,Cell Survival,1
VPAC2,ERK,Cell Survival,1
aSyn,IL-1β,Cell Survival,-1
aSyn,MMP13,Cell Survival,-1
aSyn,TNF-α,Cell Survival,-2
nACHR,IL-6,Cell Survival,1
nACHR,TNF-α,Cell Survival,1
A2AR,Glu,Molecular Function,1
ATP,P2Y12,Molecular Function,1
Ad,A2AR,Molecular Function,1
DA,DRD1,Molecular Function,-1
DA,DRD2,Molecular Function,-1
DRD1,NO,Molecular Function,-1
DRD2,NO,Molecular Function,-1
GABA,GABAb,Molecular Function,-2
GABAb,IL-12P40,Molecular Function,-1
GABAb,IL-6,Molecular Function,-1
IL-6,MNK1,Molecular Function,1
IL-6,MNK2,Molecular Function,1
MNK1,Cav3.2,Molecular Function,1
MNK2,Cav3.2,Molecular Function,1
P2Y12,Task1,Molecular Function,1
P38 MAPK,ASIC,Molecular Function,1
TNF-α,Nav1.7,Molecular Function,3
TNF-α,P38 MAPK,Molecular Function,1
ANA,CB1,Molecular Expression,-2
APOE,P2Y12,Molecular Expression,-1
ATG7,LC3-II,Molecular Expression,1
ATG7,PSD95,Molecular Expression,-1
ATG7,SHANK3,Molecular Expression,-1
ATG7,SYP,Molecular Expression,-1
ATG7,p62,Molecular Expression,-1
ATP,P2Xn,Molecular Expression,1
ATP,P2Y4,Molecular Expression,1
ATP,P2Yn,Molecular Expression,-1
Ach,mAChR,Molecular Expression,1
Ach,nACHR,Molecular Expression,-3
Alpha1,IL-6,Molecular Expression,-1
Alpha2,TNF-α,Molecular Expression,-1
B1AR,IL-6,Molecular Expression,-1
B1AR,TNF-α,Molecular Expression,-1
B2AR,IL-6,Molecular Expression,-1
B2AR,TNF-α,Molecular Expression,-1
B2AR,cAMP,Molecular Expression,1
BK,B1R,Molecular Expression,1
BK,B2R,Molecular Expression,-1
CB1,IL-1β,Molecular Expression,-1
CB1,TNF-α,Molecular Expression,-1
CD55,C1qb,Molecular Expression,-1
CNR2,CD68,Molecular Expression,1
"CX3CL1	",APP,Molecular Expression,1
"CX3CL1	",CX3CR1,Molecular Expression,2
CX3CR1,Iba1,Molecular Expression,-1
GDF-15,Cav3.1,Molecular Expression,1
GDF-15,Cav3.3,Molecular Expression,1
Glu,mGLuRg3,Molecular Expression,-1
HTT,ROS,Molecular Expression,1
IL-10,Cav2.2,Molecular Expression,-1
IL-10,IL-10Rβ,Molecular Expression,1
IL-10,IL-10Rα,Molecular Expression,1
IL-10,Nav1.8,Molecular Expression,-1
IL-1β,Cav1.2,Molecular Expression,-1
IL-1β,Nav1.1,Molecular Expression,-1
IL-4,KCa3.1,Molecular Expression,-1
IL-4,Nav1.1,Molecular Expression,-1
IL-6,Cav1.2,Molecular Expression,-2
IL-6,Cav3.2,Molecular Expression,1
IL-6,Nav1.1,Molecular Expression,-1
IL-6,Nav1.7,Molecular Expression,1
IL-6,Nav1.8,Molecular Expression,1
Meth,CD200R1,Molecular Expression,1
NGF,APP,Molecular Expression,-1
NGF,TrkA,Molecular Expression,1
P2Xn,GRIA2,Molecular Expression,1
P2Y12,DCX,Molecular Expression,1
P2Y4,PAKT,Molecular Expression,1
P2Yn,GRIA2,Molecular Expression,-1
PACAP,VPAC2,Molecular Expression,1
PLX3397,HTT,Molecular Expression,-1
PLX5622,A1AR,Molecular Expression,-1
PLX5622,C1q,Molecular Expression,1
PLX5623,CD11b/CR3,Molecular Expression,1
PS,C1q,Molecular Expression,1
TGF-β1,Kv1.4,Molecular Expression,-1
TM59,ARGI1,Molecular Expression,1
TM59,C1qR1,Molecular Expression,-1
TM59,GRIA1,Molecular Expression,1
TM59,GRIA2,Molecular Expression,1
TM59,GRIA3,Molecular Expression,1
TM59,IL-1β,Molecular Expression,-1
TM59,NR1D1,Molecular Expression,1
TM59,STX18,Molecular Expression,1
TM59,TNF-α,Molecular Expression,-1
TM59,VGLUT1,Molecular Expression,1
TNF-α,Cav2.2,Molecular Expression,-1
TNF-α,GRIA1,Molecular Expression,1
TNF-α,KCa2.2,Molecular Expression,1
TNF-α,KCa2.3,Molecular Expression,-1
TNF-α,Nav1.1,Molecular Expression,1
TNF-α,Nav1.2,Molecular Expression,1
TNF-α,Nav1.3,Molecular Expression,2
TNF-α,Nav1.6,Molecular Expression,2
TNF-α,Nav1.7,Molecular Expression,3
TNF-α,Nav1.8,Molecular Expression,5
TNF-α,Nav1.9,Molecular Expression,1
TNF-α,TNFR1,Molecular Expression,1
VPAC2,ERK,Molecular Expression,1
aSyn,IL-1β,Molecular Expression,1
aSyn,MMP13,Molecular Expression,1
aSyn,TNF-α,Molecular Expression,2
eIF4E,CX3CR1,Molecular Expression,-1
eIF4E,Eif4g1,Molecular Expression,-1
eIF4E,Nlgn1,Molecular Expression,-1
eIF4E,Nlgn2,Molecular Expression,-1
eIF4E,Nlgn3,Molecular Expression,-1
eIF4E,Nlgn4,Molecular Expression,-1
eIF4E,P2Y12,Molecular Expression,-1
eIF4E,TM119,Molecular Expression,-1
nACHR,IL-10,Molecular Expression,1
nACHR,IL-6,Molecular Expression,-1
nACHR,TNF-α,Molecular Expression,-1
NA,Kir,Cellular Excitability,-2
NA,IL-6,Molecular Expression,-3
NA,TNF-α,Molecular Expression,-3
NA,cAMP,Molecular Expression,1
IL-10,IL-10Rβ,Cellular Excitability,1
